filename,image_url
51.32951621_-0.07573076_90.jpg,https://raw.githubusercontent.com/everyday-day/street-images/main/image_for_evaluation/51.32951621_-0.07573076_90.jpg
51.36260156_0.003917424_0.jpg,https://raw.githubusercontent.com/everyday-day/street-images/main/image_for_evaluation/51.36260156_0.003917424_0.jpg
51.3673414_-0.220090709_90.jpg,https://raw.githubusercontent.com/everyday-day/street-images/main/image_for_evaluation/51.3673414_-0.220090709_90.jpg
51.37618993_-0.19291977_90.jpg,https://raw.githubusercontent.com/everyday-day/street-images/main/image_for_evaluation/51.37618993_-0.19291977_90.jpg
51.38062623_-0.105095238_0.jpg,https://raw.githubusercontent.com/everyday-day/street-images/main/image_for_evaluation/51.38062623_-0.105095238_0.jpg
51.38859713_-0.074442839_0.jpg,https://raw.githubusercontent.com/everyday-day/street-images/main/image_for_evaluation/51.38859713_-0.074442839_0.jpg
51.40054519_0.017762831_0.jpg,https://raw.githubusercontent.com/everyday-day/street-images/main/image_for_evaluation/51.40054519_0.017762831_0.jpg
51.40216375_0.015780395_0.jpg,https://raw.githubusercontent.com/everyday-day/street-images/main/image_for_evaluation/51.40216375_0.015780395_0.jpg
51.40216375_0.015780395_90.jpg,https://raw.githubusercontent.com/everyday-day/street-images/main/image_for_evaluation/51.40216375_0.015780395_90.jpg
51.40402503_0.015144352_0.jpg,https://raw.githubusercontent.com/everyday-day/street-images/main/image_for_evaluation/51.40402503_0.015144352_0.jpg
51.40545259_0.01809028_0.jpg,https://raw.githubusercontent.com/everyday-day/street-images/main/image_for_evaluation/51.40545259_0.01809028_0.jpg
51.40571715_0.014978896_0.jpg,https://raw.githubusercontent.com/everyday-day/street-images/main/image_for_evaluation/51.40571715_0.014978896_0.jpg
51.40620638_0.01774384_90.jpg,https://raw.githubusercontent.com/everyday-day/street-images/main/image_for_evaluation/51.40620638_0.01774384_90.jpg
51.41076325_-0.302870888_90.jpg,https://raw.githubusercontent.com/everyday-day/street-images/main/image_for_evaluation/51.41076325_-0.302870888_90.jpg
51.41078546_-0.299424397_90.jpg,https://raw.githubusercontent.com/everyday-day/street-images/main/image_for_evaluation/51.41078546_-0.299424397_90.jpg
51.41127396_-0.303826644_0.jpg,https://raw.githubusercontent.com/everyday-day/street-images/main/image_for_evaluation/51.41127396_-0.303826644_0.jpg
51.4114525_-0.301861081_0.jpg,https://raw.githubusercontent.com/everyday-day/street-images/main/image_for_evaluation/51.4114525_-0.301861081_0.jpg
51.4114525_-0.301861081_90.jpg,https://raw.githubusercontent.com/everyday-day/street-images/main/image_for_evaluation/51.4114525_-0.301861081_90.jpg
51.41279463_-0.183049874_0.jpg,https://raw.githubusercontent.com/everyday-day/street-images/main/image_for_evaluation/51.41279463_-0.183049874_0.jpg
51.41329917_-0.178574345_0.jpg,https://raw.githubusercontent.com/everyday-day/street-images/main/image_for_evaluation/51.41329917_-0.178574345_0.jpg
51.41447414_0.007001199_0.jpg,https://raw.githubusercontent.com/everyday-day/street-images/main/image_for_evaluation/51.41447414_0.007001199_0.jpg
51.42277401_-0.107406913_90.jpg,https://raw.githubusercontent.com/everyday-day/street-images/main/image_for_evaluation/51.42277401_-0.107406913_90.jpg
51.42278786_-0.160398794_90.jpg,https://raw.githubusercontent.com/everyday-day/street-images/main/image_for_evaluation/51.42278786_-0.160398794_90.jpg
51.42459512_-0.145183429_0.jpg,https://raw.githubusercontent.com/everyday-day/street-images/main/image_for_evaluation/51.42459512_-0.145183429_0.jpg
51.4283615_-0.135658068_90.jpg,https://raw.githubusercontent.com/everyday-day/street-images/main/image_for_evaluation/51.4283615_-0.135658068_90.jpg
51.43373587_-0.035358738_90.jpg,https://raw.githubusercontent.com/everyday-day/street-images/main/image_for_evaluation/51.43373587_-0.035358738_90.jpg
51.43793877_-0.043462023_0.jpg,https://raw.githubusercontent.com/everyday-day/street-images/main/image_for_evaluation/51.43793877_-0.043462023_0.jpg
51.44336775_-0.020346295_0.jpg,https://raw.githubusercontent.com/everyday-day/street-images/main/image_for_evaluation/51.44336775_-0.020346295_0.jpg
51.44529472_-0.019855185_90.jpg,https://raw.githubusercontent.com/everyday-day/street-images/main/image_for_evaluation/51.44529472_-0.019855185_90.jpg
51.44546166_-0.020853027_0.jpg,https://raw.githubusercontent.com/everyday-day/street-images/main/image_for_evaluation/51.44546166_-0.020853027_0.jpg
51.44546166_-0.020853027_90.jpg,https://raw.githubusercontent.com/everyday-day/street-images/main/image_for_evaluation/51.44546166_-0.020853027_90.jpg
51.44699499_-0.018698115_0.jpg,https://raw.githubusercontent.com/everyday-day/street-images/main/image_for_evaluation/51.44699499_-0.018698115_0.jpg
51.44699499_-0.018698115_90.jpg,https://raw.githubusercontent.com/everyday-day/street-images/main/image_for_evaluation/51.44699499_-0.018698115_90.jpg
51.44917907_-0.182653117_0.jpg,https://raw.githubusercontent.com/everyday-day/street-images/main/image_for_evaluation/51.44917907_-0.182653117_0.jpg
51.45022658_-0.357858403_0.jpg,https://raw.githubusercontent.com/everyday-day/street-images/main/image_for_evaluation/51.45022658_-0.357858403_0.jpg
51.45022658_-0.357858403_90.jpg,https://raw.githubusercontent.com/everyday-day/street-images/main/image_for_evaluation/51.45022658_-0.357858403_90.jpg
51.45038694_-0.161902584_0.jpg,https://raw.githubusercontent.com/everyday-day/street-images/main/image_for_evaluation/51.45038694_-0.161902584_0.jpg
51.45054133_0.10373541_0.jpg,https://raw.githubusercontent.com/everyday-day/street-images/main/image_for_evaluation/51.45054133_0.10373541_0.jpg
51.45054133_0.10373541_90.jpg,https://raw.githubusercontent.com/everyday-day/street-images/main/image_for_evaluation/51.45054133_0.10373541_90.jpg
51.45088967_0.106301409_90.jpg,https://raw.githubusercontent.com/everyday-day/street-images/main/image_for_evaluation/51.45088967_0.106301409_90.jpg
51.45221969_-0.147250961_90.jpg,https://raw.githubusercontent.com/everyday-day/street-images/main/image_for_evaluation/51.45221969_-0.147250961_90.jpg
51.45314949_-0.338761922_90.jpg,https://raw.githubusercontent.com/everyday-day/street-images/main/image_for_evaluation/51.45314949_-0.338761922_90.jpg
51.4552031_0.145629604_90.jpg,https://raw.githubusercontent.com/everyday-day/street-images/main/image_for_evaluation/51.4552031_0.145629604_90.jpg
51.45575236_-0.231945388_0.jpg,https://raw.githubusercontent.com/everyday-day/street-images/main/image_for_evaluation/51.45575236_-0.231945388_0.jpg
51.4561411_0.14766111_90.jpg,https://raw.githubusercontent.com/everyday-day/street-images/main/image_for_evaluation/51.4561411_0.14766111_90.jpg
51.45657546_0.144623681_90.jpg,https://raw.githubusercontent.com/everyday-day/street-images/main/image_for_evaluation/51.45657546_0.144623681_90.jpg
51.45805625_0.134666834_0.jpg,https://raw.githubusercontent.com/everyday-day/street-images/main/image_for_evaluation/51.45805625_0.134666834_0.jpg
51.45805625_0.134666834_90.jpg,https://raw.githubusercontent.com/everyday-day/street-images/main/image_for_evaluation/51.45805625_0.134666834_90.jpg
51.45857621_-0.305779761_0.jpg,https://raw.githubusercontent.com/everyday-day/street-images/main/image_for_evaluation/51.45857621_-0.305779761_0.jpg
51.45857621_-0.305779761_90.jpg,https://raw.githubusercontent.com/everyday-day/street-images/main/image_for_evaluation/51.45857621_-0.305779761_90.jpg
51.45964224_-0.306317475_0.jpg,https://raw.githubusercontent.com/everyday-day/street-images/main/image_for_evaluation/51.45964224_-0.306317475_0.jpg
51.45964224_-0.306317475_90.jpg,https://raw.githubusercontent.com/everyday-day/street-images/main/image_for_evaluation/51.45964224_-0.306317475_90.jpg
51.45997465_-0.011442821_0.jpg,https://raw.githubusercontent.com/everyday-day/street-images/main/image_for_evaluation/51.45997465_-0.011442821_0.jpg
51.45997465_-0.011442821_90.jpg,https://raw.githubusercontent.com/everyday-day/street-images/main/image_for_evaluation/51.45997465_-0.011442821_90.jpg
51.46005468_-0.311955569_90.jpg,https://raw.githubusercontent.com/everyday-day/street-images/main/image_for_evaluation/51.46005468_-0.311955569_90.jpg
51.46087006_-0.129234123_0.jpg,https://raw.githubusercontent.com/everyday-day/street-images/main/image_for_evaluation/51.46087006_-0.129234123_0.jpg
51.46120641_-0.010843762_90.jpg,https://raw.githubusercontent.com/everyday-day/street-images/main/image_for_evaluation/51.46120641_-0.010843762_90.jpg
51.46125069_-0.301980242_90.jpg,https://raw.githubusercontent.com/everyday-day/street-images/main/image_for_evaluation/51.46125069_-0.301980242_90.jpg
51.46160752_-0.303213674_0.jpg,https://raw.githubusercontent.com/everyday-day/street-images/main/image_for_evaluation/51.46160752_-0.303213674_0.jpg
51.46218957_0.005996921_0.jpg,https://raw.githubusercontent.com/everyday-day/street-images/main/image_for_evaluation/51.46218957_0.005996921_0.jpg
51.46276313_-0.010194845_0.jpg,https://raw.githubusercontent.com/everyday-day/street-images/main/image_for_evaluation/51.46276313_-0.010194845_0.jpg
51.46314929_-0.159368198_0.jpg,https://raw.githubusercontent.com/everyday-day/street-images/main/image_for_evaluation/51.46314929_-0.159368198_0.jpg
51.4638346_-0.162308197_0.jpg,https://raw.githubusercontent.com/everyday-day/street-images/main/image_for_evaluation/51.4638346_-0.162308197_0.jpg
51.46488428_-0.038135853_0.jpg,https://raw.githubusercontent.com/everyday-day/street-images/main/image_for_evaluation/51.46488428_-0.038135853_0.jpg
51.46544066_-0.066438142_0.jpg,https://raw.githubusercontent.com/everyday-day/street-images/main/image_for_evaluation/51.46544066_-0.066438142_0.jpg
51.46544066_-0.066438142_90.jpg,https://raw.githubusercontent.com/everyday-day/street-images/main/image_for_evaluation/51.46544066_-0.066438142_90.jpg
51.4656217_-0.01871614_90.jpg,https://raw.githubusercontent.com/everyday-day/street-images/main/image_for_evaluation/51.4656217_-0.01871614_90.jpg
51.46578852_-0.069945144_0.jpg,https://raw.githubusercontent.com/everyday-day/street-images/main/image_for_evaluation/51.46578852_-0.069945144_0.jpg
51.46706252_-0.364013815_90.jpg,https://raw.githubusercontent.com/everyday-day/street-images/main/image_for_evaluation/51.46706252_-0.364013815_90.jpg
51.46715135_-0.074719795_90.jpg,https://raw.githubusercontent.com/everyday-day/street-images/main/image_for_evaluation/51.46715135_-0.074719795_90.jpg
51.46742236_-0.06658786_0.jpg,https://raw.githubusercontent.com/everyday-day/street-images/main/image_for_evaluation/51.46742236_-0.06658786_0.jpg
51.46742236_-0.06658786_90.jpg,https://raw.githubusercontent.com/everyday-day/street-images/main/image_for_evaluation/51.46742236_-0.06658786_90.jpg
51.46938933_-0.068066003_0.jpg,https://raw.githubusercontent.com/everyday-day/street-images/main/image_for_evaluation/51.46938933_-0.068066003_0.jpg
51.46950941_-0.069532259_90.jpg,https://raw.githubusercontent.com/everyday-day/street-images/main/image_for_evaluation/51.46950941_-0.069532259_90.jpg
51.47125684_-0.19209852_90.jpg,https://raw.githubusercontent.com/everyday-day/street-images/main/image_for_evaluation/51.47125684_-0.19209852_90.jpg
51.47127064_-0.069531647_0.jpg,https://raw.githubusercontent.com/everyday-day/street-images/main/image_for_evaluation/51.47127064_-0.069531647_0.jpg
51.47127064_-0.069531647_90.jpg,https://raw.githubusercontent.com/everyday-day/street-images/main/image_for_evaluation/51.47127064_-0.069531647_90.jpg
51.47163506_-0.069682188_0.jpg,https://raw.githubusercontent.com/everyday-day/street-images/main/image_for_evaluation/51.47163506_-0.069682188_0.jpg
51.47189643_-0.355702301_0.jpg,https://raw.githubusercontent.com/everyday-day/street-images/main/image_for_evaluation/51.47189643_-0.355702301_0.jpg
51.472881_-0.216310883_0.jpg,https://raw.githubusercontent.com/everyday-day/street-images/main/image_for_evaluation/51.472881_-0.216310883_0.jpg
51.472881_-0.216310883_90.jpg,https://raw.githubusercontent.com/everyday-day/street-images/main/image_for_evaluation/51.472881_-0.216310883_90.jpg
51.47297645_-0.069805698_0.jpg,https://raw.githubusercontent.com/everyday-day/street-images/main/image_for_evaluation/51.47297645_-0.069805698_0.jpg
51.47511764_-0.15906214_90.jpg,https://raw.githubusercontent.com/everyday-day/street-images/main/image_for_evaluation/51.47511764_-0.15906214_90.jpg
51.47599033_-0.15209367_90.jpg,https://raw.githubusercontent.com/everyday-day/street-images/main/image_for_evaluation/51.47599033_-0.15209367_90.jpg
51.47691851_-0.025868469_0.jpg,https://raw.githubusercontent.com/everyday-day/street-images/main/image_for_evaluation/51.47691851_-0.025868469_0.jpg
51.48016946_-0.011931007_90.jpg,https://raw.githubusercontent.com/everyday-day/street-images/main/image_for_evaluation/51.48016946_-0.011931007_90.jpg
51.48035636_-0.143379404_90.jpg,https://raw.githubusercontent.com/everyday-day/street-images/main/image_for_evaluation/51.48035636_-0.143379404_90.jpg
51.48075415_-0.026299941_0.jpg,https://raw.githubusercontent.com/everyday-day/street-images/main/image_for_evaluation/51.48075415_-0.026299941_0.jpg
51.48257265_-0.156297287_90.jpg,https://raw.githubusercontent.com/everyday-day/street-images/main/image_for_evaluation/51.48257265_-0.156297287_90.jpg
51.48433829_-0.176096491_90.jpg,https://raw.githubusercontent.com/everyday-day/street-images/main/image_for_evaluation/51.48433829_-0.176096491_90.jpg
51.48435599_-0.199771197_0.jpg,https://raw.githubusercontent.com/everyday-day/street-images/main/image_for_evaluation/51.48435599_-0.199771197_0.jpg
51.48476444_-0.156073109_90.jpg,https://raw.githubusercontent.com/everyday-day/street-images/main/image_for_evaluation/51.48476444_-0.156073109_90.jpg
51.48597045_-0.094298694_0.jpg,https://raw.githubusercontent.com/everyday-day/street-images/main/image_for_evaluation/51.48597045_-0.094298694_0.jpg
51.48643824_-0.150694242_90.jpg,https://raw.githubusercontent.com/everyday-day/street-images/main/image_for_evaluation/51.48643824_-0.150694242_90.jpg
51.48670861_-0.134846098_0.jpg,https://raw.githubusercontent.com/everyday-day/street-images/main/image_for_evaluation/51.48670861_-0.134846098_0.jpg
51.48863933_-0.14307349_90.jpg,https://raw.githubusercontent.com/everyday-day/street-images/main/image_for_evaluation/51.48863933_-0.14307349_90.jpg
51.48922638_-0.190962449_90.jpg,https://raw.githubusercontent.com/everyday-day/street-images/main/image_for_evaluation/51.48922638_-0.190962449_90.jpg
51.48966992_-0.173399471_0.jpg,https://raw.githubusercontent.com/everyday-day/street-images/main/image_for_evaluation/51.48966992_-0.173399471_0.jpg
51.48975286_-0.223133526_0.jpg,https://raw.githubusercontent.com/everyday-day/street-images/main/image_for_evaluation/51.48975286_-0.223133526_0.jpg
51.48975286_-0.223133526_90.jpg,https://raw.githubusercontent.com/everyday-day/street-images/main/image_for_evaluation/51.48975286_-0.223133526_90.jpg
51.49003999_0.00871909_0.jpg,https://raw.githubusercontent.com/everyday-day/street-images/main/image_for_evaluation/51.49003999_0.00871909_0.jpg
51.49063027_-0.128161269_90.jpg,https://raw.githubusercontent.com/everyday-day/street-images/main/image_for_evaluation/51.49063027_-0.128161269_90.jpg
51.49091858_-0.131413768_90.jpg,https://raw.githubusercontent.com/everyday-day/street-images/main/image_for_evaluation/51.49091858_-0.131413768_90.jpg
51.49219055_-0.158557174_90.jpg,https://raw.githubusercontent.com/everyday-day/street-images/main/image_for_evaluation/51.49219055_-0.158557174_90.jpg
51.49229061_-0.121933681_0.jpg,https://raw.githubusercontent.com/everyday-day/street-images/main/image_for_evaluation/51.49229061_-0.121933681_0.jpg
51.49244099_-0.210841492_90.jpg,https://raw.githubusercontent.com/everyday-day/street-images/main/image_for_evaluation/51.49244099_-0.210841492_90.jpg
51.49259613_-0.158831481_0.jpg,https://raw.githubusercontent.com/everyday-day/street-images/main/image_for_evaluation/51.49259613_-0.158831481_0.jpg
51.49259613_-0.158831481_90.jpg,https://raw.githubusercontent.com/everyday-day/street-images/main/image_for_evaluation/51.49259613_-0.158831481_90.jpg
51.49270214_-0.128544913_90.jpg,https://raw.githubusercontent.com/everyday-day/street-images/main/image_for_evaluation/51.49270214_-0.128544913_90.jpg
51.49282594_-0.060248144_0.jpg,https://raw.githubusercontent.com/everyday-day/street-images/main/image_for_evaluation/51.49282594_-0.060248144_0.jpg
51.49338153_-0.128955816_0.jpg,https://raw.githubusercontent.com/everyday-day/street-images/main/image_for_evaluation/51.49338153_-0.128955816_0.jpg
51.49359072_-0.176258542_0.jpg,https://raw.githubusercontent.com/everyday-day/street-images/main/image_for_evaluation/51.49359072_-0.176258542_0.jpg
51.493594_-0.176260115_0.jpg,https://raw.githubusercontent.com/everyday-day/street-images/main/image_for_evaluation/51.493594_-0.176260115_0.jpg
51.49365691_-0.136563321_0.jpg,https://raw.githubusercontent.com/everyday-day/street-images/main/image_for_evaluation/51.49365691_-0.136563321_0.jpg
51.49390108_-0.175899093_0.jpg,https://raw.githubusercontent.com/everyday-day/street-images/main/image_for_evaluation/51.49390108_-0.175899093_0.jpg
51.49485505_-0.173343732_0.jpg,https://raw.githubusercontent.com/everyday-day/street-images/main/image_for_evaluation/51.49485505_-0.173343732_0.jpg
51.49485505_-0.173343732_90.jpg,https://raw.githubusercontent.com/everyday-day/street-images/main/image_for_evaluation/51.49485505_-0.173343732_90.jpg
51.49516084_-0.158449149_0.jpg,https://raw.githubusercontent.com/everyday-day/street-images/main/image_for_evaluation/51.49516084_-0.158449149_0.jpg
51.49591174_-0.065809662_0.jpg,https://raw.githubusercontent.com/everyday-day/street-images/main/image_for_evaluation/51.49591174_-0.065809662_0.jpg
51.495944_-0.13078264_0.jpg,https://raw.githubusercontent.com/everyday-day/street-images/main/image_for_evaluation/51.495944_-0.13078264_0.jpg
51.49599674_-0.180171229_0.jpg,https://raw.githubusercontent.com/everyday-day/street-images/main/image_for_evaluation/51.49599674_-0.180171229_0.jpg
51.49627801_-0.140016347_90.jpg,https://raw.githubusercontent.com/everyday-day/street-images/main/image_for_evaluation/51.49627801_-0.140016347_90.jpg
51.49628755_-0.196894406_0.jpg,https://raw.githubusercontent.com/everyday-day/street-images/main/image_for_evaluation/51.49628755_-0.196894406_0.jpg
51.49672127_-0.192304273_0.jpg,https://raw.githubusercontent.com/everyday-day/street-images/main/image_for_evaluation/51.49672127_-0.192304273_0.jpg
51.49672127_-0.192304273_90.jpg,https://raw.githubusercontent.com/everyday-day/street-images/main/image_for_evaluation/51.49672127_-0.192304273_90.jpg
51.49677029_-0.127102283_0.jpg,https://raw.githubusercontent.com/everyday-day/street-images/main/image_for_evaluation/51.49677029_-0.127102283_0.jpg
51.49682929_-0.140281461_0.jpg,https://raw.githubusercontent.com/everyday-day/street-images/main/image_for_evaluation/51.49682929_-0.140281461_0.jpg
51.49692663_-0.173813286_0.jpg,https://raw.githubusercontent.com/everyday-day/street-images/main/image_for_evaluation/51.49692663_-0.173813286_0.jpg
51.49785741_-0.165376367_90.jpg,https://raw.githubusercontent.com/everyday-day/street-images/main/image_for_evaluation/51.49785741_-0.165376367_90.jpg
51.4979397_-0.173990867_0.jpg,https://raw.githubusercontent.com/everyday-day/street-images/main/image_for_evaluation/51.4979397_-0.173990867_0.jpg
51.49816404_-0.133104482_90.jpg,https://raw.githubusercontent.com/everyday-day/street-images/main/image_for_evaluation/51.49816404_-0.133104482_90.jpg
51.49817363_-0.174141475_0.jpg,https://raw.githubusercontent.com/everyday-day/street-images/main/image_for_evaluation/51.49817363_-0.174141475_0.jpg
51.49912054_-0.125999903_0.jpg,https://raw.githubusercontent.com/everyday-day/street-images/main/image_for_evaluation/51.49912054_-0.125999903_0.jpg
51.49912054_-0.125999903_90.jpg,https://raw.githubusercontent.com/everyday-day/street-images/main/image_for_evaluation/51.49912054_-0.125999903_90.jpg
51.4992489_-0.174280015_0.jpg,https://raw.githubusercontent.com/everyday-day/street-images/main/image_for_evaluation/51.4992489_-0.174280015_0.jpg
51.49933245_-0.171603484_0.jpg,https://raw.githubusercontent.com/everyday-day/street-images/main/image_for_evaluation/51.49933245_-0.171603484_0.jpg
51.49967325_-0.134531313_90.jpg,https://raw.githubusercontent.com/everyday-day/street-images/main/image_for_evaluation/51.49967325_-0.134531313_90.jpg
51.50046646_-0.019124151_90.jpg,https://raw.githubusercontent.com/everyday-day/street-images/main/image_for_evaluation/51.50046646_-0.019124151_90.jpg
51.50052021_-0.185814511_0.jpg,https://raw.githubusercontent.com/everyday-day/street-images/main/image_for_evaluation/51.50052021_-0.185814511_0.jpg
51.50084201_-0.104654685_0.jpg,https://raw.githubusercontent.com/everyday-day/street-images/main/image_for_evaluation/51.50084201_-0.104654685_0.jpg
51.50090303_-0.123001019_0.jpg,https://raw.githubusercontent.com/everyday-day/street-images/main/image_for_evaluation/51.50090303_-0.123001019_0.jpg
51.50090303_-0.123001019_90.jpg,https://raw.githubusercontent.com/everyday-day/street-images/main/image_for_evaluation/51.50090303_-0.123001019_90.jpg
51.50100225_-0.119981844_0.jpg,https://raw.githubusercontent.com/everyday-day/street-images/main/image_for_evaluation/51.50100225_-0.119981844_0.jpg
51.50111089_-0.035448851_0.jpg,https://raw.githubusercontent.com/everyday-day/street-images/main/image_for_evaluation/51.50111089_-0.035448851_0.jpg
51.50128821_-0.13002848_0.jpg,https://raw.githubusercontent.com/everyday-day/street-images/main/image_for_evaluation/51.50128821_-0.13002848_0.jpg
51.50128821_-0.13002848_90.jpg,https://raw.githubusercontent.com/everyday-day/street-images/main/image_for_evaluation/51.50128821_-0.13002848_90.jpg
51.50268136_-0.123434762_0.jpg,https://raw.githubusercontent.com/everyday-day/street-images/main/image_for_evaluation/51.50268136_-0.123434762_0.jpg
51.50281278_-0.01932879_0.jpg,https://raw.githubusercontent.com/everyday-day/street-images/main/image_for_evaluation/51.50281278_-0.01932879_0.jpg
51.50281278_-0.01932879_90.jpg,https://raw.githubusercontent.com/everyday-day/street-images/main/image_for_evaluation/51.50281278_-0.01932879_90.jpg
51.5029572_-0.015114569_90.jpg,https://raw.githubusercontent.com/everyday-day/street-images/main/image_for_evaluation/51.5029572_-0.015114569_90.jpg
51.50344715_-0.020769149_90.jpg,https://raw.githubusercontent.com/everyday-day/street-images/main/image_for_evaluation/51.50344715_-0.020769149_90.jpg
51.50376784_-0.126081018_0.jpg,https://raw.githubusercontent.com/everyday-day/street-images/main/image_for_evaluation/51.50376784_-0.126081018_0.jpg
51.50376798_-0.073388573_90.jpg,https://raw.githubusercontent.com/everyday-day/street-images/main/image_for_evaluation/51.50376798_-0.073388573_90.jpg
51.50388879_-0.104511568_0.jpg,https://raw.githubusercontent.com/everyday-day/street-images/main/image_for_evaluation/51.50388879_-0.104511568_0.jpg
51.50417713_-0.075818249_0.jpg,https://raw.githubusercontent.com/everyday-day/street-images/main/image_for_evaluation/51.50417713_-0.075818249_0.jpg
51.50479114_-0.136986832_0.jpg,https://raw.githubusercontent.com/everyday-day/street-images/main/image_for_evaluation/51.50479114_-0.136986832_0.jpg
51.50495596_-0.223579659_0.jpg,https://raw.githubusercontent.com/everyday-day/street-images/main/image_for_evaluation/51.50495596_-0.223579659_0.jpg
51.50495596_-0.223579659_90.jpg,https://raw.githubusercontent.com/everyday-day/street-images/main/image_for_evaluation/51.50495596_-0.223579659_90.jpg
51.50498498_-0.125359702_90.jpg,https://raw.githubusercontent.com/everyday-day/street-images/main/image_for_evaluation/51.50498498_-0.125359702_90.jpg
51.5050136_-0.016955468_0.jpg,https://raw.githubusercontent.com/everyday-day/street-images/main/image_for_evaluation/51.5050136_-0.016955468_0.jpg
51.5050136_-0.016955468_90.jpg,https://raw.githubusercontent.com/everyday-day/street-images/main/image_for_evaluation/51.5050136_-0.016955468_90.jpg
51.50515222_-0.126649822_0.jpg,https://raw.githubusercontent.com/everyday-day/street-images/main/image_for_evaluation/51.50515222_-0.126649822_0.jpg
51.50550385_-0.095468656_0.jpg,https://raw.githubusercontent.com/everyday-day/street-images/main/image_for_evaluation/51.50550385_-0.095468656_0.jpg
51.50613727_-0.064645697_90.jpg,https://raw.githubusercontent.com/everyday-day/street-images/main/image_for_evaluation/51.50613727_-0.064645697_90.jpg
51.5063313_-0.134813436_0.jpg,https://raw.githubusercontent.com/everyday-day/street-images/main/image_for_evaluation/51.5063313_-0.134813436_0.jpg
51.5063313_-0.134813436_90.jpg,https://raw.githubusercontent.com/everyday-day/street-images/main/image_for_evaluation/51.5063313_-0.134813436_90.jpg
51.50641895_-0.053226375_0.jpg,https://raw.githubusercontent.com/everyday-day/street-images/main/image_for_evaluation/51.50641895_-0.053226375_0.jpg
51.50641895_-0.053226375_90.jpg,https://raw.githubusercontent.com/everyday-day/street-images/main/image_for_evaluation/51.50641895_-0.053226375_90.jpg
51.50650339_-0.062404094_0.jpg,https://raw.githubusercontent.com/everyday-day/street-images/main/image_for_evaluation/51.50650339_-0.062404094_0.jpg
51.50650339_-0.062404094_90.jpg,https://raw.githubusercontent.com/everyday-day/street-images/main/image_for_evaluation/51.50650339_-0.062404094_90.jpg
51.5066981_-0.066690414_0.jpg,https://raw.githubusercontent.com/everyday-day/street-images/main/image_for_evaluation/51.5066981_-0.066690414_0.jpg
51.50680831_-0.269196852_90.jpg,https://raw.githubusercontent.com/everyday-day/street-images/main/image_for_evaluation/51.50680831_-0.269196852_90.jpg
51.50703402_-0.137472503_0.jpg,https://raw.githubusercontent.com/everyday-day/street-images/main/image_for_evaluation/51.50703402_-0.137472503_0.jpg
51.50710571_-0.25697753_0.jpg,https://raw.githubusercontent.com/everyday-day/street-images/main/image_for_evaluation/51.50710571_-0.25697753_0.jpg
51.50726536_-0.094993128_0.jpg,https://raw.githubusercontent.com/everyday-day/street-images/main/image_for_evaluation/51.50726536_-0.094993128_0.jpg
51.50740915_-0.31204224_90.jpg,https://raw.githubusercontent.com/everyday-day/street-images/main/image_for_evaluation/51.50740915_-0.31204224_90.jpg
51.50750364_-0.096453619_0.jpg,https://raw.githubusercontent.com/everyday-day/street-images/main/image_for_evaluation/51.50750364_-0.096453619_0.jpg
51.50750364_-0.096453619_90.jpg,https://raw.githubusercontent.com/everyday-day/street-images/main/image_for_evaluation/51.50750364_-0.096453619_90.jpg
51.50762859_-0.125129206_90.jpg,https://raw.githubusercontent.com/everyday-day/street-images/main/image_for_evaluation/51.50762859_-0.125129206_90.jpg
51.50774476_-0.141479781_0.jpg,https://raw.githubusercontent.com/everyday-day/street-images/main/image_for_evaluation/51.50774476_-0.141479781_0.jpg
51.50775375_-0.114753648_90.jpg,https://raw.githubusercontent.com/everyday-day/street-images/main/image_for_evaluation/51.50775375_-0.114753648_90.jpg
51.5078315_-0.30509914_0.jpg,https://raw.githubusercontent.com/everyday-day/street-images/main/image_for_evaluation/51.5078315_-0.30509914_0.jpg
51.50834836_-0.275259228_90.jpg,https://raw.githubusercontent.com/everyday-day/street-images/main/image_for_evaluation/51.50834836_-0.275259228_90.jpg
51.50844662_-0.099373805_0.jpg,https://raw.githubusercontent.com/everyday-day/street-images/main/image_for_evaluation/51.50844662_-0.099373805_0.jpg
51.50844662_-0.099373805_90.jpg,https://raw.githubusercontent.com/everyday-day/street-images/main/image_for_evaluation/51.50844662_-0.099373805_90.jpg
51.50901859_-0.196308898_0.jpg,https://raw.githubusercontent.com/everyday-day/street-images/main/image_for_evaluation/51.50901859_-0.196308898_0.jpg
51.50901859_-0.196308898_90.jpg,https://raw.githubusercontent.com/everyday-day/street-images/main/image_for_evaluation/51.50901859_-0.196308898_90.jpg
51.50905158_-0.088934054_90.jpg,https://raw.githubusercontent.com/everyday-day/street-images/main/image_for_evaluation/51.50905158_-0.088934054_90.jpg
51.50928261_-0.06866542_0.jpg,https://raw.githubusercontent.com/everyday-day/street-images/main/image_for_evaluation/51.50928261_-0.06866542_0.jpg
51.50928925_-0.084445882_90.jpg,https://raw.githubusercontent.com/everyday-day/street-images/main/image_for_evaluation/51.50928925_-0.084445882_90.jpg
51.50951586_-0.083734291_0.jpg,https://raw.githubusercontent.com/everyday-day/street-images/main/image_for_evaluation/51.50951586_-0.083734291_0.jpg
51.50972266_-0.083136172_90.jpg,https://raw.githubusercontent.com/everyday-day/street-images/main/image_for_evaluation/51.50972266_-0.083136172_90.jpg
51.51009992_-0.079217383_0.jpg,https://raw.githubusercontent.com/everyday-day/street-images/main/image_for_evaluation/51.51009992_-0.079217383_0.jpg
51.51009992_-0.079217383_90.jpg,https://raw.githubusercontent.com/everyday-day/street-images/main/image_for_evaluation/51.51009992_-0.079217383_90.jpg
51.5101575_-0.14130364_0.jpg,https://raw.githubusercontent.com/everyday-day/street-images/main/image_for_evaluation/51.5101575_-0.14130364_0.jpg
51.51016998_-0.122099736_0.jpg,https://raw.githubusercontent.com/everyday-day/street-images/main/image_for_evaluation/51.51016998_-0.122099736_0.jpg
51.51016998_-0.122099736_90.jpg,https://raw.githubusercontent.com/everyday-day/street-images/main/image_for_evaluation/51.51016998_-0.122099736_90.jpg
51.51018761_-0.202443959_90.jpg,https://raw.githubusercontent.com/everyday-day/street-images/main/image_for_evaluation/51.51018761_-0.202443959_90.jpg
51.510206_-0.323915649_0.jpg,https://raw.githubusercontent.com/everyday-day/street-images/main/image_for_evaluation/51.510206_-0.323915649_0.jpg
51.510206_-0.323915649_90.jpg,https://raw.githubusercontent.com/everyday-day/street-images/main/image_for_evaluation/51.510206_-0.323915649_90.jpg
51.51021578_-0.116824934_0.jpg,https://raw.githubusercontent.com/everyday-day/street-images/main/image_for_evaluation/51.51021578_-0.116824934_0.jpg
51.51021578_-0.116824934_90.jpg,https://raw.githubusercontent.com/everyday-day/street-images/main/image_for_evaluation/51.51021578_-0.116824934_90.jpg
51.51042445_-0.128343567_0.jpg,https://raw.githubusercontent.com/everyday-day/street-images/main/image_for_evaluation/51.51042445_-0.128343567_0.jpg
51.5104884_-0.375965981_0.jpg,https://raw.githubusercontent.com/everyday-day/street-images/main/image_for_evaluation/51.5104884_-0.375965981_0.jpg
51.5104884_-0.375965981_90.jpg,https://raw.githubusercontent.com/everyday-day/street-images/main/image_for_evaluation/51.5104884_-0.375965981_90.jpg
51.51055194_-0.05353878_0.jpg,https://raw.githubusercontent.com/everyday-day/street-images/main/image_for_evaluation/51.51055194_-0.05353878_0.jpg
51.51064279_-0.025418384_0.jpg,https://raw.githubusercontent.com/everyday-day/street-images/main/image_for_evaluation/51.51064279_-0.025418384_0.jpg
51.51075435_-0.138595232_90.jpg,https://raw.githubusercontent.com/everyday-day/street-images/main/image_for_evaluation/51.51075435_-0.138595232_90.jpg
51.51085206_-0.099835916_90.jpg,https://raw.githubusercontent.com/everyday-day/street-images/main/image_for_evaluation/51.51085206_-0.099835916_90.jpg
51.51085311_-0.131730153_0.jpg,https://raw.githubusercontent.com/everyday-day/street-images/main/image_for_evaluation/51.51085311_-0.131730153_0.jpg
51.51092439_-0.122600555_0.jpg,https://raw.githubusercontent.com/everyday-day/street-images/main/image_for_evaluation/51.51092439_-0.122600555_0.jpg
51.51107023_-0.132733795_0.jpg,https://raw.githubusercontent.com/everyday-day/street-images/main/image_for_evaluation/51.51107023_-0.132733795_0.jpg
51.51107023_-0.132733795_90.jpg,https://raw.githubusercontent.com/everyday-day/street-images/main/image_for_evaluation/51.51107023_-0.132733795_90.jpg
51.51113879_-0.119822579_90.jpg,https://raw.githubusercontent.com/everyday-day/street-images/main/image_for_evaluation/51.51113879_-0.119822579_90.jpg
51.51114076_-0.140607716_0.jpg,https://raw.githubusercontent.com/everyday-day/street-images/main/image_for_evaluation/51.51114076_-0.140607716_0.jpg
51.51115518_-0.132399203_90.jpg,https://raw.githubusercontent.com/everyday-day/street-images/main/image_for_evaluation/51.51115518_-0.132399203_90.jpg
51.51122204_-0.132849708_0.jpg,https://raw.githubusercontent.com/everyday-day/street-images/main/image_for_evaluation/51.51122204_-0.132849708_0.jpg
51.51122204_-0.132849708_90.jpg,https://raw.githubusercontent.com/everyday-day/street-images/main/image_for_evaluation/51.51122204_-0.132849708_90.jpg
51.51127635_-0.017590665_0.jpg,https://raw.githubusercontent.com/everyday-day/street-images/main/image_for_evaluation/51.51127635_-0.017590665_0.jpg
51.51139933_-0.122504558_0.jpg,https://raw.githubusercontent.com/everyday-day/street-images/main/image_for_evaluation/51.51139933_-0.122504558_0.jpg
51.51141344_-0.37948669_0.jpg,https://raw.githubusercontent.com/everyday-day/street-images/main/image_for_evaluation/51.51141344_-0.37948669_0.jpg
51.51141344_-0.37948669_90.jpg,https://raw.githubusercontent.com/everyday-day/street-images/main/image_for_evaluation/51.51141344_-0.37948669_90.jpg
51.51143622_-0.015532949_0.jpg,https://raw.githubusercontent.com/everyday-day/street-images/main/image_for_evaluation/51.51143622_-0.015532949_0.jpg
51.51144826_-0.115188_0.jpg,https://raw.githubusercontent.com/everyday-day/street-images/main/image_for_evaluation/51.51144826_-0.115188_0.jpg
51.51149515_-0.014224501_0.jpg,https://raw.githubusercontent.com/everyday-day/street-images/main/image_for_evaluation/51.51149515_-0.014224501_0.jpg
51.51152724_-0.086860548_0.jpg,https://raw.githubusercontent.com/everyday-day/street-images/main/image_for_evaluation/51.51152724_-0.086860548_0.jpg
51.51157163_-0.076734978_90.jpg,https://raw.githubusercontent.com/everyday-day/street-images/main/image_for_evaluation/51.51157163_-0.076734978_90.jpg
51.51166949_-0.074562094_90.jpg,https://raw.githubusercontent.com/everyday-day/street-images/main/image_for_evaluation/51.51166949_-0.074562094_90.jpg
51.51170265_-0.014275162_0.jpg,https://raw.githubusercontent.com/everyday-day/street-images/main/image_for_evaluation/51.51170265_-0.014275162_0.jpg
51.51179769_-0.304947417_0.jpg,https://raw.githubusercontent.com/everyday-day/street-images/main/image_for_evaluation/51.51179769_-0.304947417_0.jpg
51.51183443_-0.11772628_0.jpg,https://raw.githubusercontent.com/everyday-day/street-images/main/image_for_evaluation/51.51183443_-0.11772628_0.jpg
51.51183443_-0.11772628_90.jpg,https://raw.githubusercontent.com/everyday-day/street-images/main/image_for_evaluation/51.51183443_-0.11772628_90.jpg
51.5121269_-0.300422238_0.jpg,https://raw.githubusercontent.com/everyday-day/street-images/main/image_for_evaluation/51.5121269_-0.300422238_0.jpg
51.51213874_-0.12192816_90.jpg,https://raw.githubusercontent.com/everyday-day/street-images/main/image_for_evaluation/51.51213874_-0.12192816_90.jpg
51.51216471_-0.155220929_0.jpg,https://raw.githubusercontent.com/everyday-day/street-images/main/image_for_evaluation/51.51216471_-0.155220929_0.jpg
51.51225053_-0.128542086_0.jpg,https://raw.githubusercontent.com/everyday-day/street-images/main/image_for_evaluation/51.51225053_-0.128542086_0.jpg
51.51232058_-0.16911494_90.jpg,https://raw.githubusercontent.com/everyday-day/street-images/main/image_for_evaluation/51.51232058_-0.16911494_90.jpg
51.5123338_-0.138903226_0.jpg,https://raw.githubusercontent.com/everyday-day/street-images/main/image_for_evaluation/51.5123338_-0.138903226_0.jpg
51.51238163_-0.305973876_0.jpg,https://raw.githubusercontent.com/everyday-day/street-images/main/image_for_evaluation/51.51238163_-0.305973876_0.jpg
51.51238163_-0.305973876_90.jpg,https://raw.githubusercontent.com/everyday-day/street-images/main/image_for_evaluation/51.51238163_-0.305973876_90.jpg
51.51241836_-0.128652892_90.jpg,https://raw.githubusercontent.com/everyday-day/street-images/main/image_for_evaluation/51.51241836_-0.128652892_90.jpg
51.51243557_-0.12559598_0.jpg,https://raw.githubusercontent.com/everyday-day/street-images/main/image_for_evaluation/51.51243557_-0.12559598_0.jpg
51.51243557_-0.12559598_90.jpg,https://raw.githubusercontent.com/everyday-day/street-images/main/image_for_evaluation/51.51243557_-0.12559598_90.jpg
51.51252248_-0.07318239_0.jpg,https://raw.githubusercontent.com/everyday-day/street-images/main/image_for_evaluation/51.51252248_-0.07318239_0.jpg
51.51252588_-0.06763867_0.jpg,https://raw.githubusercontent.com/everyday-day/street-images/main/image_for_evaluation/51.51252588_-0.06763867_0.jpg
51.51258856_-0.140129068_0.jpg,https://raw.githubusercontent.com/everyday-day/street-images/main/image_for_evaluation/51.51258856_-0.140129068_0.jpg
51.51258856_-0.140129068_90.jpg,https://raw.githubusercontent.com/everyday-day/street-images/main/image_for_evaluation/51.51258856_-0.140129068_90.jpg
51.5126435_-0.098347244_0.jpg,https://raw.githubusercontent.com/everyday-day/street-images/main/image_for_evaluation/51.5126435_-0.098347244_0.jpg
51.51292748_-0.075649323_0.jpg,https://raw.githubusercontent.com/everyday-day/street-images/main/image_for_evaluation/51.51292748_-0.075649323_0.jpg
51.51292748_-0.075649323_90.jpg,https://raw.githubusercontent.com/everyday-day/street-images/main/image_for_evaluation/51.51292748_-0.075649323_90.jpg
51.51296094_-0.129570965_0.jpg,https://raw.githubusercontent.com/everyday-day/street-images/main/image_for_evaluation/51.51296094_-0.129570965_0.jpg
51.51296094_-0.129570965_90.jpg,https://raw.githubusercontent.com/everyday-day/street-images/main/image_for_evaluation/51.51296094_-0.129570965_90.jpg
51.51297383_-0.12592842_90.jpg,https://raw.githubusercontent.com/everyday-day/street-images/main/image_for_evaluation/51.51297383_-0.12592842_90.jpg
51.51297456_-0.156685831_90.jpg,https://raw.githubusercontent.com/everyday-day/street-images/main/image_for_evaluation/51.51297456_-0.156685831_90.jpg
51.51298446_-0.124571788_0.jpg,https://raw.githubusercontent.com/everyday-day/street-images/main/image_for_evaluation/51.51298446_-0.124571788_0.jpg
51.51298446_-0.124571788_90.jpg,https://raw.githubusercontent.com/everyday-day/street-images/main/image_for_evaluation/51.51298446_-0.124571788_90.jpg
51.51308428_-0.126062679_0.jpg,https://raw.githubusercontent.com/everyday-day/street-images/main/image_for_evaluation/51.51308428_-0.126062679_0.jpg
51.51314315_-0.11528326_0.jpg,https://raw.githubusercontent.com/everyday-day/street-images/main/image_for_evaluation/51.51314315_-0.11528326_0.jpg
51.51314315_-0.11528326_90.jpg,https://raw.githubusercontent.com/everyday-day/street-images/main/image_for_evaluation/51.51314315_-0.11528326_90.jpg
51.51320037_-0.146810345_0.jpg,https://raw.githubusercontent.com/everyday-day/street-images/main/image_for_evaluation/51.51320037_-0.146810345_0.jpg
51.51320037_-0.146810345_90.jpg,https://raw.githubusercontent.com/everyday-day/street-images/main/image_for_evaluation/51.51320037_-0.146810345_90.jpg
51.51331344_-0.075771933_0.jpg,https://raw.githubusercontent.com/everyday-day/street-images/main/image_for_evaluation/51.51331344_-0.075771933_0.jpg
51.51331344_-0.075771933_90.jpg,https://raw.githubusercontent.com/everyday-day/street-images/main/image_for_evaluation/51.51331344_-0.075771933_90.jpg
51.51333321_-0.131315841_0.jpg,https://raw.githubusercontent.com/everyday-day/street-images/main/image_for_evaluation/51.51333321_-0.131315841_0.jpg
51.51333321_-0.131315841_90.jpg,https://raw.githubusercontent.com/everyday-day/street-images/main/image_for_evaluation/51.51333321_-0.131315841_90.jpg
51.51346749_-0.073360362_0.jpg,https://raw.githubusercontent.com/everyday-day/street-images/main/image_for_evaluation/51.51346749_-0.073360362_0.jpg
51.51354621_-0.130353402_0.jpg,https://raw.githubusercontent.com/everyday-day/street-images/main/image_for_evaluation/51.51354621_-0.130353402_0.jpg
51.51363694_-0.127859644_0.jpg,https://raw.githubusercontent.com/everyday-day/street-images/main/image_for_evaluation/51.51363694_-0.127859644_0.jpg
51.51363694_-0.127859644_90.jpg,https://raw.githubusercontent.com/everyday-day/street-images/main/image_for_evaluation/51.51363694_-0.127859644_90.jpg
51.51368395_-0.136410397_0.jpg,https://raw.githubusercontent.com/everyday-day/street-images/main/image_for_evaluation/51.51368395_-0.136410397_0.jpg
51.5136961_-0.106174158_0.jpg,https://raw.githubusercontent.com/everyday-day/street-images/main/image_for_evaluation/51.5136961_-0.106174158_0.jpg
51.51372727_-0.091733212_0.jpg,https://raw.githubusercontent.com/everyday-day/street-images/main/image_for_evaluation/51.51372727_-0.091733212_0.jpg
51.51372727_-0.091733212_90.jpg,https://raw.githubusercontent.com/everyday-day/street-images/main/image_for_evaluation/51.51372727_-0.091733212_90.jpg
51.51374629_-0.155780606_0.jpg,https://raw.githubusercontent.com/everyday-day/street-images/main/image_for_evaluation/51.51374629_-0.155780606_0.jpg
51.51374629_-0.155780606_90.jpg,https://raw.githubusercontent.com/everyday-day/street-images/main/image_for_evaluation/51.51374629_-0.155780606_90.jpg
51.51376197_-0.117719558_0.jpg,https://raw.githubusercontent.com/everyday-day/street-images/main/image_for_evaluation/51.51376197_-0.117719558_0.jpg
51.51376197_-0.117719558_90.jpg,https://raw.githubusercontent.com/everyday-day/street-images/main/image_for_evaluation/51.51376197_-0.117719558_90.jpg
51.51378394_-0.148061664_0.jpg,https://raw.githubusercontent.com/everyday-day/street-images/main/image_for_evaluation/51.51378394_-0.148061664_0.jpg
51.51378394_-0.148061664_90.jpg,https://raw.githubusercontent.com/everyday-day/street-images/main/image_for_evaluation/51.51378394_-0.148061664_90.jpg
51.51384407_-0.126063277_90.jpg,https://raw.githubusercontent.com/everyday-day/street-images/main/image_for_evaluation/51.51384407_-0.126063277_90.jpg
51.51386442_-0.308451194_0.jpg,https://raw.githubusercontent.com/everyday-day/street-images/main/image_for_evaluation/51.51386442_-0.308451194_0.jpg
51.51390258_-0.116544884_0.jpg,https://raw.githubusercontent.com/everyday-day/street-images/main/image_for_evaluation/51.51390258_-0.116544884_0.jpg
51.51390258_-0.116544884_90.jpg,https://raw.githubusercontent.com/everyday-day/street-images/main/image_for_evaluation/51.51390258_-0.116544884_90.jpg
51.51391172_-0.075654671_0.jpg,https://raw.githubusercontent.com/everyday-day/street-images/main/image_for_evaluation/51.51391172_-0.075654671_0.jpg
51.51391172_-0.075654671_90.jpg,https://raw.githubusercontent.com/everyday-day/street-images/main/image_for_evaluation/51.51391172_-0.075654671_90.jpg
51.51394054_-0.217654047_0.jpg,https://raw.githubusercontent.com/everyday-day/street-images/main/image_for_evaluation/51.51394054_-0.217654047_0.jpg
51.5139649_-0.093198248_90.jpg,https://raw.githubusercontent.com/everyday-day/street-images/main/image_for_evaluation/51.5139649_-0.093198248_90.jpg
51.5139787_-0.028030925_0.jpg,https://raw.githubusercontent.com/everyday-day/street-images/main/image_for_evaluation/51.5139787_-0.028030925_0.jpg
51.51398297_-0.304423518_0.jpg,https://raw.githubusercontent.com/everyday-day/street-images/main/image_for_evaluation/51.51398297_-0.304423518_0.jpg
51.51400583_-0.152861929_0.jpg,https://raw.githubusercontent.com/everyday-day/street-images/main/image_for_evaluation/51.51400583_-0.152861929_0.jpg
51.51400583_-0.152861929_90.jpg,https://raw.githubusercontent.com/everyday-day/street-images/main/image_for_evaluation/51.51400583_-0.152861929_90.jpg
51.51407756_-0.070260856_0.jpg,https://raw.githubusercontent.com/everyday-day/street-images/main/image_for_evaluation/51.51407756_-0.070260856_0.jpg
51.51407756_-0.070260856_90.jpg,https://raw.githubusercontent.com/everyday-day/street-images/main/image_for_evaluation/51.51407756_-0.070260856_90.jpg
51.5141753_-0.13095003_0.jpg,https://raw.githubusercontent.com/everyday-day/street-images/main/image_for_evaluation/51.5141753_-0.13095003_0.jpg
51.51421095_-0.116301688_90.jpg,https://raw.githubusercontent.com/everyday-day/street-images/main/image_for_evaluation/51.51421095_-0.116301688_90.jpg
51.51434871_-0.139007123_90.jpg,https://raw.githubusercontent.com/everyday-day/street-images/main/image_for_evaluation/51.51434871_-0.139007123_90.jpg
51.5143656_-0.111225061_0.jpg,https://raw.githubusercontent.com/everyday-day/street-images/main/image_for_evaluation/51.5143656_-0.111225061_0.jpg
51.51442539_-0.148892334_0.jpg,https://raw.githubusercontent.com/everyday-day/street-images/main/image_for_evaluation/51.51442539_-0.148892334_0.jpg
51.51442539_-0.148892334_90.jpg,https://raw.githubusercontent.com/everyday-day/street-images/main/image_for_evaluation/51.51442539_-0.148892334_90.jpg
51.51445222_-0.138672478_0.jpg,https://raw.githubusercontent.com/everyday-day/street-images/main/image_for_evaluation/51.51445222_-0.138672478_0.jpg
51.51445222_-0.138672478_90.jpg,https://raw.githubusercontent.com/everyday-day/street-images/main/image_for_evaluation/51.51445222_-0.138672478_90.jpg
51.51459461_-0.156063916_90.jpg,https://raw.githubusercontent.com/everyday-day/street-images/main/image_for_evaluation/51.51459461_-0.156063916_90.jpg
51.5147389_-0.060747551_0.jpg,https://raw.githubusercontent.com/everyday-day/street-images/main/image_for_evaluation/51.5147389_-0.060747551_0.jpg
51.5147389_-0.060747551_90.jpg,https://raw.githubusercontent.com/everyday-day/street-images/main/image_for_evaluation/51.5147389_-0.060747551_90.jpg
51.51475861_-0.102338131_0.jpg,https://raw.githubusercontent.com/everyday-day/street-images/main/image_for_evaluation/51.51475861_-0.102338131_0.jpg
51.51478804_-0.138773313_0.jpg,https://raw.githubusercontent.com/everyday-day/street-images/main/image_for_evaluation/51.51478804_-0.138773313_0.jpg
51.51481193_-0.133256483_0.jpg,https://raw.githubusercontent.com/everyday-day/street-images/main/image_for_evaluation/51.51481193_-0.133256483_0.jpg
51.51486733_-0.141912802_0.jpg,https://raw.githubusercontent.com/everyday-day/street-images/main/image_for_evaluation/51.51486733_-0.141912802_0.jpg
51.51486733_-0.141912802_90.jpg,https://raw.githubusercontent.com/everyday-day/street-images/main/image_for_evaluation/51.51486733_-0.141912802_90.jpg
51.51486783_-0.145267859_90.jpg,https://raw.githubusercontent.com/everyday-day/street-images/main/image_for_evaluation/51.51486783_-0.145267859_90.jpg
51.51499905_-0.176073777_0.jpg,https://raw.githubusercontent.com/everyday-day/street-images/main/image_for_evaluation/51.51499905_-0.176073777_0.jpg
51.51499905_-0.176073777_90.jpg,https://raw.githubusercontent.com/everyday-day/street-images/main/image_for_evaluation/51.51499905_-0.176073777_90.jpg
51.51500034_-0.104493304_0.jpg,https://raw.githubusercontent.com/everyday-day/street-images/main/image_for_evaluation/51.51500034_-0.104493304_0.jpg
51.5150364_-0.139244753_90.jpg,https://raw.githubusercontent.com/everyday-day/street-images/main/image_for_evaluation/51.5150364_-0.139244753_90.jpg
51.51513518_-0.078373932_0.jpg,https://raw.githubusercontent.com/everyday-day/street-images/main/image_for_evaluation/51.51513518_-0.078373932_0.jpg
51.51515808_-0.143203459_0.jpg,https://raw.githubusercontent.com/everyday-day/street-images/main/image_for_evaluation/51.51515808_-0.143203459_0.jpg
51.51515808_-0.143203459_90.jpg,https://raw.githubusercontent.com/everyday-day/street-images/main/image_for_evaluation/51.51515808_-0.143203459_90.jpg
51.51523124_-0.124248227_0.jpg,https://raw.githubusercontent.com/everyday-day/street-images/main/image_for_evaluation/51.51523124_-0.124248227_0.jpg
51.51523124_-0.124248227_90.jpg,https://raw.githubusercontent.com/everyday-day/street-images/main/image_for_evaluation/51.51523124_-0.124248227_90.jpg
51.51528287_-0.114156163_0.jpg,https://raw.githubusercontent.com/everyday-day/street-images/main/image_for_evaluation/51.51528287_-0.114156163_0.jpg
51.51553803_-0.091005023_0.jpg,https://raw.githubusercontent.com/everyday-day/street-images/main/image_for_evaluation/51.51553803_-0.091005023_0.jpg
51.51554419_-0.139920188_0.jpg,https://raw.githubusercontent.com/everyday-day/street-images/main/image_for_evaluation/51.51554419_-0.139920188_0.jpg
51.51554419_-0.139920188_90.jpg,https://raw.githubusercontent.com/everyday-day/street-images/main/image_for_evaluation/51.51554419_-0.139920188_90.jpg
51.51568676_-0.102125954_0.jpg,https://raw.githubusercontent.com/everyday-day/street-images/main/image_for_evaluation/51.51568676_-0.102125954_0.jpg
51.51582583_-0.119165345_0.jpg,https://raw.githubusercontent.com/everyday-day/street-images/main/image_for_evaluation/51.51582583_-0.119165345_0.jpg
51.51584565_-0.070289267_90.jpg,https://raw.githubusercontent.com/everyday-day/street-images/main/image_for_evaluation/51.51584565_-0.070289267_90.jpg
51.51594256_-0.081067053_90.jpg,https://raw.githubusercontent.com/everyday-day/street-images/main/image_for_evaluation/51.51594256_-0.081067053_90.jpg
51.5161206_-0.097008935_0.jpg,https://raw.githubusercontent.com/everyday-day/street-images/main/image_for_evaluation/51.5161206_-0.097008935_0.jpg
51.51621488_-0.104816654_0.jpg,https://raw.githubusercontent.com/everyday-day/street-images/main/image_for_evaluation/51.51621488_-0.104816654_0.jpg
51.51626411_-0.082883025_90.jpg,https://raw.githubusercontent.com/everyday-day/street-images/main/image_for_evaluation/51.51626411_-0.082883025_90.jpg
51.51628872_-0.13612724_0.jpg,https://raw.githubusercontent.com/everyday-day/street-images/main/image_for_evaluation/51.51628872_-0.13612724_0.jpg
51.51639723_-0.112041111_90.jpg,https://raw.githubusercontent.com/everyday-day/street-images/main/image_for_evaluation/51.51639723_-0.112041111_90.jpg
51.51649605_-0.104904356_0.jpg,https://raw.githubusercontent.com/everyday-day/street-images/main/image_for_evaluation/51.51649605_-0.104904356_0.jpg
51.51649605_-0.104904356_90.jpg,https://raw.githubusercontent.com/everyday-day/street-images/main/image_for_evaluation/51.51649605_-0.104904356_90.jpg
51.51655341_-0.187730089_0.jpg,https://raw.githubusercontent.com/everyday-day/street-images/main/image_for_evaluation/51.51655341_-0.187730089_0.jpg
51.51655341_-0.187730089_90.jpg,https://raw.githubusercontent.com/everyday-day/street-images/main/image_for_evaluation/51.51655341_-0.187730089_90.jpg
51.5165904_-0.091449014_0.jpg,https://raw.githubusercontent.com/everyday-day/street-images/main/image_for_evaluation/51.5165904_-0.091449014_0.jpg
51.51663836_-0.063399038_0.jpg,https://raw.githubusercontent.com/everyday-day/street-images/main/image_for_evaluation/51.51663836_-0.063399038_0.jpg
51.51665319_-0.106644272_0.jpg,https://raw.githubusercontent.com/everyday-day/street-images/main/image_for_evaluation/51.51665319_-0.106644272_0.jpg
51.51665319_-0.106644272_90.jpg,https://raw.githubusercontent.com/everyday-day/street-images/main/image_for_evaluation/51.51665319_-0.106644272_90.jpg
51.51688494_-0.070178997_0.jpg,https://raw.githubusercontent.com/everyday-day/street-images/main/image_for_evaluation/51.51688494_-0.070178997_0.jpg
51.51688494_-0.070178997_90.jpg,https://raw.githubusercontent.com/everyday-day/street-images/main/image_for_evaluation/51.51688494_-0.070178997_90.jpg
51.51697889_-0.062398261_0.jpg,https://raw.githubusercontent.com/everyday-day/street-images/main/image_for_evaluation/51.51697889_-0.062398261_0.jpg
51.51703748_-0.083277579_0.jpg,https://raw.githubusercontent.com/everyday-day/street-images/main/image_for_evaluation/51.51703748_-0.083277579_0.jpg
51.51708564_-0.064139655_90.jpg,https://raw.githubusercontent.com/everyday-day/street-images/main/image_for_evaluation/51.51708564_-0.064139655_90.jpg
51.51711938_-0.06386441_90.jpg,https://raw.githubusercontent.com/everyday-day/street-images/main/image_for_evaluation/51.51711938_-0.06386441_90.jpg
51.51724153_-0.123866759_90.jpg,https://raw.githubusercontent.com/everyday-day/street-images/main/image_for_evaluation/51.51724153_-0.123866759_90.jpg
51.5172533_-0.080686502_0.jpg,https://raw.githubusercontent.com/everyday-day/street-images/main/image_for_evaluation/51.5172533_-0.080686502_0.jpg
51.51746462_-0.060720793_90.jpg,https://raw.githubusercontent.com/everyday-day/street-images/main/image_for_evaluation/51.51746462_-0.060720793_90.jpg
51.517595_-0.140173543_0.jpg,https://raw.githubusercontent.com/everyday-day/street-images/main/image_for_evaluation/51.517595_-0.140173543_0.jpg
51.51772671_0.012485306_0.jpg,https://raw.githubusercontent.com/everyday-day/street-images/main/image_for_evaluation/51.51772671_0.012485306_0.jpg
51.51792284_-0.109741215_0.jpg,https://raw.githubusercontent.com/everyday-day/street-images/main/image_for_evaluation/51.51792284_-0.109741215_0.jpg
51.51792284_-0.109741215_90.jpg,https://raw.githubusercontent.com/everyday-day/street-images/main/image_for_evaluation/51.51792284_-0.109741215_90.jpg
51.51806931_-0.110499954_90.jpg,https://raw.githubusercontent.com/everyday-day/street-images/main/image_for_evaluation/51.51806931_-0.110499954_90.jpg
51.51815713_-0.10773673_0.jpg,https://raw.githubusercontent.com/everyday-day/street-images/main/image_for_evaluation/51.51815713_-0.10773673_0.jpg
51.51820747_-0.097014415_0.jpg,https://raw.githubusercontent.com/everyday-day/street-images/main/image_for_evaluation/51.51820747_-0.097014415_0.jpg
51.51832175_-0.14828307_0.jpg,https://raw.githubusercontent.com/everyday-day/street-images/main/image_for_evaluation/51.51832175_-0.14828307_0.jpg
51.51851546_-0.174049979_90.jpg,https://raw.githubusercontent.com/everyday-day/street-images/main/image_for_evaluation/51.51851546_-0.174049979_90.jpg
51.51861989_-0.085609248_0.jpg,https://raw.githubusercontent.com/everyday-day/street-images/main/image_for_evaluation/51.51861989_-0.085609248_0.jpg
51.51861989_-0.085609248_90.jpg,https://raw.githubusercontent.com/everyday-day/street-images/main/image_for_evaluation/51.51861989_-0.085609248_90.jpg
51.51864397_-0.132303948_0.jpg,https://raw.githubusercontent.com/everyday-day/street-images/main/image_for_evaluation/51.51864397_-0.132303948_0.jpg
51.51864397_-0.132303948_90.jpg,https://raw.githubusercontent.com/everyday-day/street-images/main/image_for_evaluation/51.51864397_-0.132303948_90.jpg
51.51877336_-0.15161708_0.jpg,https://raw.githubusercontent.com/everyday-day/street-images/main/image_for_evaluation/51.51877336_-0.15161708_0.jpg
51.51877336_-0.15161708_90.jpg,https://raw.githubusercontent.com/everyday-day/street-images/main/image_for_evaluation/51.51877336_-0.15161708_90.jpg
51.51885363_-0.105362208_0.jpg,https://raw.githubusercontent.com/everyday-day/street-images/main/image_for_evaluation/51.51885363_-0.105362208_0.jpg
51.51900487_-0.17738295_0.jpg,https://raw.githubusercontent.com/everyday-day/street-images/main/image_for_evaluation/51.51900487_-0.17738295_0.jpg
51.51935144_-0.13408885_0.jpg,https://raw.githubusercontent.com/everyday-day/street-images/main/image_for_evaluation/51.51935144_-0.13408885_0.jpg
51.51948562_-0.097169671_0.jpg,https://raw.githubusercontent.com/everyday-day/street-images/main/image_for_evaluation/51.51948562_-0.097169671_0.jpg
51.51961929_-0.099852975_0.jpg,https://raw.githubusercontent.com/everyday-day/street-images/main/image_for_evaluation/51.51961929_-0.099852975_0.jpg
51.51963538_-0.10922201_0.jpg,https://raw.githubusercontent.com/everyday-day/street-images/main/image_for_evaluation/51.51963538_-0.10922201_0.jpg
51.51965187_-0.157016544_0.jpg,https://raw.githubusercontent.com/everyday-day/street-images/main/image_for_evaluation/51.51965187_-0.157016544_0.jpg
51.51975078_-0.098585131_90.jpg,https://raw.githubusercontent.com/everyday-day/street-images/main/image_for_evaluation/51.51975078_-0.098585131_90.jpg
51.51978638_-0.07014803_0.jpg,https://raw.githubusercontent.com/everyday-day/street-images/main/image_for_evaluation/51.51978638_-0.07014803_0.jpg
51.51978638_-0.07014803_90.jpg,https://raw.githubusercontent.com/everyday-day/street-images/main/image_for_evaluation/51.51978638_-0.07014803_90.jpg
51.51984254_-0.074475292_0.jpg,https://raw.githubusercontent.com/everyday-day/street-images/main/image_for_evaluation/51.51984254_-0.074475292_0.jpg
51.51995526_-0.049945004_0.jpg,https://raw.githubusercontent.com/everyday-day/street-images/main/image_for_evaluation/51.51995526_-0.049945004_0.jpg
51.5199623_-0.141224593_0.jpg,https://raw.githubusercontent.com/everyday-day/street-images/main/image_for_evaluation/51.5199623_-0.141224593_0.jpg
51.5199748_-0.042406109_0.jpg,https://raw.githubusercontent.com/everyday-day/street-images/main/image_for_evaluation/51.5199748_-0.042406109_0.jpg
51.51997819_-0.125648542_0.jpg,https://raw.githubusercontent.com/everyday-day/street-images/main/image_for_evaluation/51.51997819_-0.125648542_0.jpg
51.52009311_-0.133905151_90.jpg,https://raw.githubusercontent.com/everyday-day/street-images/main/image_for_evaluation/51.52009311_-0.133905151_90.jpg
51.52029965_-0.071597865_0.jpg,https://raw.githubusercontent.com/everyday-day/street-images/main/image_for_evaluation/51.52029965_-0.071597865_0.jpg
51.52029965_-0.071597865_90.jpg,https://raw.githubusercontent.com/everyday-day/street-images/main/image_for_evaluation/51.52029965_-0.071597865_90.jpg
51.5203103_-0.072893588_0.jpg,https://raw.githubusercontent.com/everyday-day/street-images/main/image_for_evaluation/51.5203103_-0.072893588_0.jpg
51.5203103_-0.072893588_90.jpg,https://raw.githubusercontent.com/everyday-day/street-images/main/image_for_evaluation/51.5203103_-0.072893588_90.jpg
51.52038238_-0.104544964_0.jpg,https://raw.githubusercontent.com/everyday-day/street-images/main/image_for_evaluation/51.52038238_-0.104544964_0.jpg
51.52054925_-0.142180106_0.jpg,https://raw.githubusercontent.com/everyday-day/street-images/main/image_for_evaluation/51.52054925_-0.142180106_0.jpg
51.5207759_-0.140785352_0.jpg,https://raw.githubusercontent.com/everyday-day/street-images/main/image_for_evaluation/51.5207759_-0.140785352_0.jpg
51.52114814_-0.124978781_90.jpg,https://raw.githubusercontent.com/everyday-day/street-images/main/image_for_evaluation/51.52114814_-0.124978781_90.jpg
51.52115534_-0.064131566_0.jpg,https://raw.githubusercontent.com/everyday-day/street-images/main/image_for_evaluation/51.52115534_-0.064131566_0.jpg
51.52124095_-0.12380428_90.jpg,https://raw.githubusercontent.com/everyday-day/street-images/main/image_for_evaluation/51.52124095_-0.12380428_90.jpg
51.52135598_-0.071803268_0.jpg,https://raw.githubusercontent.com/everyday-day/street-images/main/image_for_evaluation/51.52135598_-0.071803268_0.jpg
51.52147685_-0.048036981_90.jpg,https://raw.githubusercontent.com/everyday-day/street-images/main/image_for_evaluation/51.52147685_-0.048036981_90.jpg
51.52148901_-0.101651739_0.jpg,https://raw.githubusercontent.com/everyday-day/street-images/main/image_for_evaluation/51.52148901_-0.101651739_0.jpg
51.52155935_-0.13161774_0.jpg,https://raw.githubusercontent.com/everyday-day/street-images/main/image_for_evaluation/51.52155935_-0.13161774_0.jpg
51.52213364_-0.044858406_90.jpg,https://raw.githubusercontent.com/everyday-day/street-images/main/image_for_evaluation/51.52213364_-0.044858406_90.jpg
51.52293291_-0.119103205_0.jpg,https://raw.githubusercontent.com/everyday-day/street-images/main/image_for_evaluation/51.52293291_-0.119103205_0.jpg
51.52294252_-0.127463998_0.jpg,https://raw.githubusercontent.com/everyday-day/street-images/main/image_for_evaluation/51.52294252_-0.127463998_0.jpg
51.52348978_-0.071175137_0.jpg,https://raw.githubusercontent.com/everyday-day/street-images/main/image_for_evaluation/51.52348978_-0.071175137_0.jpg
51.52348978_-0.071175137_90.jpg,https://raw.githubusercontent.com/everyday-day/street-images/main/image_for_evaluation/51.52348978_-0.071175137_90.jpg
51.52361916_-0.071454858_0.jpg,https://raw.githubusercontent.com/everyday-day/street-images/main/image_for_evaluation/51.52361916_-0.071454858_0.jpg
51.52361916_-0.071454858_90.jpg,https://raw.githubusercontent.com/everyday-day/street-images/main/image_for_evaluation/51.52361916_-0.071454858_90.jpg
51.52388484_-0.134142055_0.jpg,https://raw.githubusercontent.com/everyday-day/street-images/main/image_for_evaluation/51.52388484_-0.134142055_0.jpg
51.52421803_-0.074110892_0.jpg,https://raw.githubusercontent.com/everyday-day/street-images/main/image_for_evaluation/51.52421803_-0.074110892_0.jpg
51.5243074_-0.123769639_0.jpg,https://raw.githubusercontent.com/everyday-day/street-images/main/image_for_evaluation/51.5243074_-0.123769639_0.jpg
51.52444403_-0.076459406_0.jpg,https://raw.githubusercontent.com/everyday-day/street-images/main/image_for_evaluation/51.52444403_-0.076459406_0.jpg
51.52446071_0.033556801_90.jpg,https://raw.githubusercontent.com/everyday-day/street-images/main/image_for_evaluation/51.52446071_0.033556801_90.jpg
51.52446734_-0.099233302_0.jpg,https://raw.githubusercontent.com/everyday-day/street-images/main/image_for_evaluation/51.52446734_-0.099233302_0.jpg
51.52468318_-0.094202127_90.jpg,https://raw.githubusercontent.com/everyday-day/street-images/main/image_for_evaluation/51.52468318_-0.094202127_90.jpg
51.52524435_-0.18421055_0.jpg,https://raw.githubusercontent.com/everyday-day/street-images/main/image_for_evaluation/51.52524435_-0.18421055_0.jpg
51.52569914_-0.136268931_90.jpg,https://raw.githubusercontent.com/everyday-day/street-images/main/image_for_evaluation/51.52569914_-0.136268931_90.jpg
51.52576679_-0.125562554_0.jpg,https://raw.githubusercontent.com/everyday-day/street-images/main/image_for_evaluation/51.52576679_-0.125562554_0.jpg
51.52576679_-0.125562554_90.jpg,https://raw.githubusercontent.com/everyday-day/street-images/main/image_for_evaluation/51.52576679_-0.125562554_90.jpg
51.52582625_-0.133347954_90.jpg,https://raw.githubusercontent.com/everyday-day/street-images/main/image_for_evaluation/51.52582625_-0.133347954_90.jpg
51.52618122_-0.129538663_0.jpg,https://raw.githubusercontent.com/everyday-day/street-images/main/image_for_evaluation/51.52618122_-0.129538663_0.jpg
51.52640783_-0.131731637_0.jpg,https://raw.githubusercontent.com/everyday-day/street-images/main/image_for_evaluation/51.52640783_-0.131731637_0.jpg
51.52640783_-0.131731637_90.jpg,https://raw.githubusercontent.com/everyday-day/street-images/main/image_for_evaluation/51.52640783_-0.131731637_90.jpg
51.52674299_-0.138595952_0.jpg,https://raw.githubusercontent.com/everyday-day/street-images/main/image_for_evaluation/51.52674299_-0.138595952_0.jpg
51.52674299_-0.138595952_90.jpg,https://raw.githubusercontent.com/everyday-day/street-images/main/image_for_evaluation/51.52674299_-0.138595952_90.jpg
51.52823558_-0.097054551_0.jpg,https://raw.githubusercontent.com/everyday-day/street-images/main/image_for_evaluation/51.52823558_-0.097054551_0.jpg
51.52824996_-0.097038241_0.jpg,https://raw.githubusercontent.com/everyday-day/street-images/main/image_for_evaluation/51.52824996_-0.097038241_0.jpg
51.52824996_-0.097038241_90.jpg,https://raw.githubusercontent.com/everyday-day/street-images/main/image_for_evaluation/51.52824996_-0.097038241_90.jpg
51.52898426_-0.126662129_90.jpg,https://raw.githubusercontent.com/everyday-day/street-images/main/image_for_evaluation/51.52898426_-0.126662129_90.jpg
51.5292052_-0.110277717_0.jpg,https://raw.githubusercontent.com/everyday-day/street-images/main/image_for_evaluation/51.5292052_-0.110277717_0.jpg
51.52990068_-0.133628534_0.jpg,https://raw.githubusercontent.com/everyday-day/street-images/main/image_for_evaluation/51.52990068_-0.133628534_0.jpg
51.52990068_-0.133628534_90.jpg,https://raw.githubusercontent.com/everyday-day/street-images/main/image_for_evaluation/51.52990068_-0.133628534_90.jpg
51.53001_-0.126604664_0.jpg,https://raw.githubusercontent.com/everyday-day/street-images/main/image_for_evaluation/51.53001_-0.126604664_0.jpg
51.53022472_-0.077275421_0.jpg,https://raw.githubusercontent.com/everyday-day/street-images/main/image_for_evaluation/51.53022472_-0.077275421_0.jpg
51.53044019_-0.105613016_0.jpg,https://raw.githubusercontent.com/everyday-day/street-images/main/image_for_evaluation/51.53044019_-0.105613016_0.jpg
51.53133065_-0.10611829_0.jpg,https://raw.githubusercontent.com/everyday-day/street-images/main/image_for_evaluation/51.53133065_-0.10611829_0.jpg
51.53221418_-0.080153061_0.jpg,https://raw.githubusercontent.com/everyday-day/street-images/main/image_for_evaluation/51.53221418_-0.080153061_0.jpg
51.53280241_-0.100136367_0.jpg,https://raw.githubusercontent.com/everyday-day/street-images/main/image_for_evaluation/51.53280241_-0.100136367_0.jpg
51.53423891_0.085837982_0.jpg,https://raw.githubusercontent.com/everyday-day/street-images/main/image_for_evaluation/51.53423891_0.085837982_0.jpg
51.53423891_0.085837982_90.jpg,https://raw.githubusercontent.com/everyday-day/street-images/main/image_for_evaluation/51.53423891_0.085837982_90.jpg
51.53495775_-0.104384219_0.jpg,https://raw.githubusercontent.com/everyday-day/street-images/main/image_for_evaluation/51.53495775_-0.104384219_0.jpg
51.53495775_-0.104384219_90.jpg,https://raw.githubusercontent.com/everyday-day/street-images/main/image_for_evaluation/51.53495775_-0.104384219_90.jpg
51.53516408_-0.118076067_90.jpg,https://raw.githubusercontent.com/everyday-day/street-images/main/image_for_evaluation/51.53516408_-0.118076067_90.jpg
51.53544035_-0.122316339_0.jpg,https://raw.githubusercontent.com/everyday-day/street-images/main/image_for_evaluation/51.53544035_-0.122316339_0.jpg
51.53544035_-0.122316339_90.jpg,https://raw.githubusercontent.com/everyday-day/street-images/main/image_for_evaluation/51.53544035_-0.122316339_90.jpg
51.5361663_-0.125772042_0.jpg,https://raw.githubusercontent.com/everyday-day/street-images/main/image_for_evaluation/51.5361663_-0.125772042_0.jpg
51.5361663_-0.125772042_90.jpg,https://raw.githubusercontent.com/everyday-day/street-images/main/image_for_evaluation/51.5361663_-0.125772042_90.jpg
51.53627442_0.035042351_90.jpg,https://raw.githubusercontent.com/everyday-day/street-images/main/image_for_evaluation/51.53627442_0.035042351_90.jpg
51.5365193_0.081416165_0.jpg,https://raw.githubusercontent.com/everyday-day/street-images/main/image_for_evaluation/51.5365193_0.081416165_0.jpg
51.5365193_0.081416165_90.jpg,https://raw.githubusercontent.com/everyday-day/street-images/main/image_for_evaluation/51.5365193_0.081416165_90.jpg
51.53722939_-0.103032619_0.jpg,https://raw.githubusercontent.com/everyday-day/street-images/main/image_for_evaluation/51.53722939_-0.103032619_0.jpg
51.53722939_-0.103032619_90.jpg,https://raw.githubusercontent.com/everyday-day/street-images/main/image_for_evaluation/51.53722939_-0.103032619_90.jpg
51.53750863_0.030904151_0.jpg,https://raw.githubusercontent.com/everyday-day/street-images/main/image_for_evaluation/51.53750863_0.030904151_0.jpg
51.53750863_0.030904151_90.jpg,https://raw.githubusercontent.com/everyday-day/street-images/main/image_for_evaluation/51.53750863_0.030904151_90.jpg
51.5379091_-0.135149297_0.jpg,https://raw.githubusercontent.com/everyday-day/street-images/main/image_for_evaluation/51.5379091_-0.135149297_0.jpg
51.53814777_-0.144465178_90.jpg,https://raw.githubusercontent.com/everyday-day/street-images/main/image_for_evaluation/51.53814777_-0.144465178_90.jpg
51.5394039_-0.102419261_0.jpg,https://raw.githubusercontent.com/everyday-day/street-images/main/image_for_evaluation/51.5394039_-0.102419261_0.jpg
51.5394039_-0.102419261_90.jpg,https://raw.githubusercontent.com/everyday-day/street-images/main/image_for_evaluation/51.5394039_-0.102419261_90.jpg
51.54082882_0.001302635_90.jpg,https://raw.githubusercontent.com/everyday-day/street-images/main/image_for_evaluation/51.54082882_0.001302635_90.jpg
51.54098699_-0.038369908_0.jpg,https://raw.githubusercontent.com/everyday-day/street-images/main/image_for_evaluation/51.54098699_-0.038369908_0.jpg
51.5428128_0.027392345_0.jpg,https://raw.githubusercontent.com/everyday-day/street-images/main/image_for_evaluation/51.5428128_0.027392345_0.jpg
51.5428128_0.027392345_90.jpg,https://raw.githubusercontent.com/everyday-day/street-images/main/image_for_evaluation/51.5428128_0.027392345_90.jpg
51.5445267_-0.175787707_0.jpg,https://raw.githubusercontent.com/everyday-day/street-images/main/image_for_evaluation/51.5445267_-0.175787707_0.jpg
51.54539423_-0.297146762_0.jpg,https://raw.githubusercontent.com/everyday-day/street-images/main/image_for_evaluation/51.54539423_-0.297146762_0.jpg
51.54539423_-0.297146762_90.jpg,https://raw.githubusercontent.com/everyday-day/street-images/main/image_for_evaluation/51.54539423_-0.297146762_90.jpg
51.54751716_-0.014238359_0.jpg,https://raw.githubusercontent.com/everyday-day/street-images/main/image_for_evaluation/51.54751716_-0.014238359_0.jpg
51.54751716_-0.014238359_90.jpg,https://raw.githubusercontent.com/everyday-day/street-images/main/image_for_evaluation/51.54751716_-0.014238359_90.jpg
51.54760084_-0.175835053_0.jpg,https://raw.githubusercontent.com/everyday-day/street-images/main/image_for_evaluation/51.54760084_-0.175835053_0.jpg
51.54777827_-0.008163146_0.jpg,https://raw.githubusercontent.com/everyday-day/street-images/main/image_for_evaluation/51.54777827_-0.008163146_0.jpg
51.54777827_-0.008163146_90.jpg,https://raw.githubusercontent.com/everyday-day/street-images/main/image_for_evaluation/51.54777827_-0.008163146_90.jpg
51.54912264_-0.011125693_0.jpg,https://raw.githubusercontent.com/everyday-day/street-images/main/image_for_evaluation/51.54912264_-0.011125693_0.jpg
51.5491645_-0.008415532_0.jpg,https://raw.githubusercontent.com/everyday-day/street-images/main/image_for_evaluation/51.5491645_-0.008415532_0.jpg
51.55242134_-0.297010825_0.jpg,https://raw.githubusercontent.com/everyday-day/street-images/main/image_for_evaluation/51.55242134_-0.297010825_0.jpg
51.55242134_-0.297010825_90.jpg,https://raw.githubusercontent.com/everyday-day/street-images/main/image_for_evaluation/51.55242134_-0.297010825_90.jpg
51.55270947_-0.0377022_0.jpg,https://raw.githubusercontent.com/everyday-day/street-images/main/image_for_evaluation/51.55270947_-0.0377022_0.jpg
51.5535721_-0.090388019_0.jpg,https://raw.githubusercontent.com/everyday-day/street-images/main/image_for_evaluation/51.5535721_-0.090388019_0.jpg
51.55860856_-0.28144001_90.jpg,https://raw.githubusercontent.com/everyday-day/street-images/main/image_for_evaluation/51.55860856_-0.28144001_90.jpg
51.56015666_-0.365159889_0.jpg,https://raw.githubusercontent.com/everyday-day/street-images/main/image_for_evaluation/51.56015666_-0.365159889_0.jpg
51.56783176_-0.067592974_90.jpg,https://raw.githubusercontent.com/everyday-day/street-images/main/image_for_evaluation/51.56783176_-0.067592974_90.jpg
51.57327087_-0.371266664_90.jpg,https://raw.githubusercontent.com/everyday-day/street-images/main/image_for_evaluation/51.57327087_-0.371266664_90.jpg
51.57511279_-0.35444171_90.jpg,https://raw.githubusercontent.com/everyday-day/street-images/main/image_for_evaluation/51.57511279_-0.35444171_90.jpg
51.5758613_0.127040603_0.jpg,https://raw.githubusercontent.com/everyday-day/street-images/main/image_for_evaluation/51.5758613_0.127040603_0.jpg
51.57734121_-0.119306086_90.jpg,https://raw.githubusercontent.com/everyday-day/street-images/main/image_for_evaluation/51.57734121_-0.119306086_90.jpg
51.57918008_-0.066220431_0.jpg,https://raw.githubusercontent.com/everyday-day/street-images/main/image_for_evaluation/51.57918008_-0.066220431_0.jpg
51.57947442_-0.333976614_0.jpg,https://raw.githubusercontent.com/everyday-day/street-images/main/image_for_evaluation/51.57947442_-0.333976614_0.jpg
51.580029_-0.334795855_0.jpg,https://raw.githubusercontent.com/everyday-day/street-images/main/image_for_evaluation/51.580029_-0.334795855_0.jpg
51.580029_-0.334795855_90.jpg,https://raw.githubusercontent.com/everyday-day/street-images/main/image_for_evaluation/51.580029_-0.334795855_90.jpg
51.58150627_-0.337171657_0.jpg,https://raw.githubusercontent.com/everyday-day/street-images/main/image_for_evaluation/51.58150627_-0.337171657_0.jpg
51.58150627_-0.337171657_90.jpg,https://raw.githubusercontent.com/everyday-day/street-images/main/image_for_evaluation/51.58150627_-0.337171657_90.jpg
51.59394732_-0.137270529_0.jpg,https://raw.githubusercontent.com/everyday-day/street-images/main/image_for_evaluation/51.59394732_-0.137270529_0.jpg
51.60481148_-0.068095372_90.jpg,https://raw.githubusercontent.com/everyday-day/street-images/main/image_for_evaluation/51.60481148_-0.068095372_90.jpg
51.60519758_-0.111931439_0.jpg,https://raw.githubusercontent.com/everyday-day/street-images/main/image_for_evaluation/51.60519758_-0.111931439_0.jpg
51.60519758_-0.111931439_90.jpg,https://raw.githubusercontent.com/everyday-day/street-images/main/image_for_evaluation/51.60519758_-0.111931439_90.jpg
51.60604077_-0.068184498_0.jpg,https://raw.githubusercontent.com/everyday-day/street-images/main/image_for_evaluation/51.60604077_-0.068184498_0.jpg
51.607955_-0.146169884_90.jpg,https://raw.githubusercontent.com/everyday-day/street-images/main/image_for_evaluation/51.607955_-0.146169884_90.jpg
51.61272641_-0.175754217_0.jpg,https://raw.githubusercontent.com/everyday-day/street-images/main/image_for_evaluation/51.61272641_-0.175754217_0.jpg
51.61272641_-0.175754217_90.jpg,https://raw.githubusercontent.com/everyday-day/street-images/main/image_for_evaluation/51.61272641_-0.175754217_90.jpg
51.61654166_0.183341586_0.jpg,https://raw.githubusercontent.com/everyday-day/street-images/main/image_for_evaluation/51.61654166_0.183341586_0.jpg
51.61658705_-0.176778949_0.jpg,https://raw.githubusercontent.com/everyday-day/street-images/main/image_for_evaluation/51.61658705_-0.176778949_0.jpg
51.61658705_-0.176778949_90.jpg,https://raw.githubusercontent.com/everyday-day/street-images/main/image_for_evaluation/51.61658705_-0.176778949_90.jpg
51.61690621_-0.008652594_90.jpg,https://raw.githubusercontent.com/everyday-day/street-images/main/image_for_evaluation/51.61690621_-0.008652594_90.jpg
51.63296339_-0.159767132_0.jpg,https://raw.githubusercontent.com/everyday-day/street-images/main/image_for_evaluation/51.63296339_-0.159767132_0.jpg
51.63703531_-0.007612223_90.jpg,https://raw.githubusercontent.com/everyday-day/street-images/main/image_for_evaluation/51.63703531_-0.007612223_90.jpg
51.63913918_-0.198392148_0.jpg,https://raw.githubusercontent.com/everyday-day/street-images/main/image_for_evaluation/51.63913918_-0.198392148_0.jpg
51.64181785_-0.162830822_90.jpg,https://raw.githubusercontent.com/everyday-day/street-images/main/image_for_evaluation/51.64181785_-0.162830822_90.jpg
51.64809353_-0.079779467_0.jpg,https://raw.githubusercontent.com/everyday-day/street-images/main/image_for_evaluation/51.64809353_-0.079779467_0.jpg
51.65122373_-0.080381808_0.jpg,https://raw.githubusercontent.com/everyday-day/street-images/main/image_for_evaluation/51.65122373_-0.080381808_0.jpg
